# ----------------------------------------,,,,,
# Top Events,,,,,
# 20210101-20210711,,,,,
# ----------------------------------------,,,,,
,,,,,
Event Label,Total Events,Unique Events,Event Value,Avg. Value,Status
pdf,"437,702","10,211","2,203,070,529,969","5,033,265.85",
tif,"167,569","1,260","108,618,084,022","648,199.15",Done
jpg,"135,113","1,809","214,718,793,858","1,589,179.38",Done
msg,"73,881","1,975","76,307,760,355","1,032,846.88",
txt,"51,243","1,269","23,077,806,215","450,360.17",Done
xlsx,"23,649","1,997","45,776,545,916","1,935,665.18",Done
eml,"22,653",388,"20,439,905,357","902,304.57",
docx,"11,283","1,513","5,479,198,125","485,615.36",
png,"11,020",587,"9,652,746,395","875,929.80",Done
tiff,"8,477",69,"2,104,412,402","248,249.66",Done
xls,"8,168",773,"7,611,720,301","931,895.24",Done
zip,"6,719","1,596","3,462,591,282,984","515,343,247.95",
pst,"5,813",989,"9,588,631,345,797","1,649,515,111.96",
doc,"5,028",707,"2,458,531,869","488,968.15",
csv,"4,717","1,670","24,371,093,878","5,166,651.24",Done
xml,"4,453",208,"18,078,161,527","4,059,771.28",Done
jpeg,"4,443",221,"7,596,575,949","1,709,785.27",Done
mp4,"4,008",353,"869,536,676,053","216,950,268.48",
dat,"3,881","1,241","36,608,123,540","9,432,652.29",
htm,"3,271",177,"76,850,087","23,494.37",Done
dwg,"3,083",151,"11,368,720,515","3,687,551.25",
html,"2,614",166,"5,583,826,199","2,136,123.26",Done
mov,"2,574",243,"277,406,183,557","107,772,410.08",
mhtml,"1,842",12,"986,368,502","535,487.79",Done
none,"1,831",158,"63,865,628,233","34,880,190.19",
db,"1,699",360,"203,807,888","119,957.56",
avi,"1,620",48,"188,646,200,082","116,448,271.66",
wav,"1,485",107,"45,463,156,512","30,614,920.21",
pptx,"1,292",238,"25,819,015,635","19,983,758.23",
opt,"1,052",780,"1,094,955,224","1,040,831.96",
rtf,987,107,"132,218,011","133,959.48",
heic,872,49,"2,444,945,505","2,803,836.59",
xlsm,824,195,"1,790,147,750","2,172,509.41",
dll,768,44,"1,016,390,717","1,323,425.41",
m4a,671,87,"17,894,367,393","26,668,207.74",
mp3,631,108,"25,335,205,556","40,150,880.44",
gif,605,91,"184,843,282","305,526.09",Done
log,576,198,"648,648,313","1,126,125.54",
dgn,564,15,"1,005,232,142","1,782,326.49",
mpg,562,86,"333,112,120,514","592,726,193.09",
ptx,541,175,"178,356,398","329,679.11",
crs,471,191,"504,866","1,071.90",
lib,458,188,"543,822","1,187.38",
mpp,456,31,"341,058,560","747,935.44",
mbox,435,114,"1,385,087,246,494","3,184,108,612.63",
ini,410,85,"1,216,075","2,966.04",
lfp,382,271,"1,502,477,184","3,933,186.35",
bak,372,57,"5,830,591,309","15,673,632.55",
exe,365,108,"17,146,514,047","46,976,750.81",
dcm,352,2,"67,876,936","192,832.20",
emlx,346,4,"3,019,555","8,727.04",
xer,333,23,"2,302,728,421","6,915,100.36",
bmp,312,37,"161,939,534","519,036.97",Done
xlsb,308,42,"1,662,874,831","5,398,944.26",
message,286,1,"258,818,560","904,960.00",
lnk,273,98,"520,419","1,906.30",
dii,260,183,"128,607,724","494,645.09",
amr,257,13,"5,763,630","22,426.58",
ppt,243,83,"1,388,545,614","5,714,179.48",
psd,212,24,"19,783,940,617","93,320,474.61",
js,190,30,"12,261,535","64,534.39",
pluginpayloadattachment,187,10,"68,919,275","368,552.27",
nrl,181,14,"19,068",105.35,
rvt,177,15,"9,505,800,192","53,705,085.83",
lst,176,103,"34,179,085","194,199.35",
swf,169,4,"17,033,193","100,788.12",
url,169,31,"26,442",156.46,
lge,168,4,"79,005,558","470,271.18",
ics,154,26,"21,185,699","137,569.47",
vob,154,42,"90,256,203,776","586,079,245.30",
av3,138,4,"16,615,743,829","120,403,940.79",
wma,134,22,"1,890,915,030","14,111,306.19",
mht,129,24,"109,120,951","845,898.84",Done
vcf,128,30,"269,935","2,108.87",
lef,122,27,"5,824,364,354","47,740,691.43",
wpd,121,11,"5,794,863","47,891.43",
copy0,118,5,"339,043,844","2,873,252.92",
shx,116,26,"1,999,191","17,234.41",
mui,115,3,"9,527,976","82,851.97",
inf,111,57,"185,395","1,670.23",
out,110,10,"1,325,270,167","12,047,910.61",
cpt,106,26,"50,919,364","480,371.36",
download,106,9,"15,498,822","146,215.30",
ttf,101,20,"37,252,472","368,836.36",
tmp,97,49,"423,893,682","4,370,037.96",
dmg,96,6,"1,515,157,625","15,782,891.93",
aspx,95,6,"1,582,645","16,659.42",
fsa,94,2,"12,754,904","135,690.47",
warc,93,3,"845,539,806","9,091,825.87",
bin,91,23,"7,812,435,186","85,850,936.11",
css,87,38,"1,477,443","16,982.10",
ifo,86,22,"4,835,328","56,224.74",
xmef,86,43,"2,520,314,727","29,305,985.20",
bup,85,20,"4,567,040","53,729.88",
p7s,85,10,"905,260","10,650.12",
dwl,83,24,"4,331",52.18,
hdf,79,3,"21,665,717","274,249.58",
dbf,78,17,"124,110,642","1,591,162.08",
mdb,78,37,"637,956,096","8,178,924.31",
cms,74,37,"45,301,760","612,185.95",
las,74,4,"209,602,782","2,832,470.03",
rws,74,7,"2,286,276,513","30,895,628.55",
smi,74,18,"7,711,630","104,211.22",
plist,73,15,"173,295","2,373.90",
wmv,72,21,"23,221,234,684","322,517,148.39",
webp,68,7,"4,509,042","66,309.44",
3gp,64,14,"291,155,007","4,549,296.98",
cdr,63,5,"142,271,061","2,258,270.81",
mts,62,19,"39,897,059,328","643,500,956.90",
pkg,62,1,"8,101,522","130,669.71",
nef,61,1,"1,755,125,343","28,772,546.61",
webm,61,3,"1,066,811,694","17,488,716.30",
dav,60,2,"5,833,273,344","97,221,222.40",
nwd,60,10,"1,031,114,097","17,185,234.95",
sbf,59,28,"741,570,805","12,568,996.69",
1,58,9,"61,046,215,606","1,052,520,958.72",
msf,57,4,"78,932,342","1,384,777.93",
dwl2,55,17,"11,040",200.73,
ichat,54,1,"295,373","5,469.87",
opus,54,4,"8,969,876","166,108.81",
m4v,53,13,"3,073,471,000","57,990,018.87",
rar,52,13,"54,256,773,880","1,043,399,497.69",
err,51,24,"69,194","1,356.75",
ovr,50,5,"4,214,139,160","84,282,783.20",
hid,49,1,"40,288,130","822,206.73",
dtm,48,5,"13,906,043","289,709.23",
vid,48,20,"869,010","18,104.38",
thl,47,1,"1,194,874","25,422.85",
apk,46,1,"19,191,714","417,211.17",
idx,46,6,"21,128,773","459,321.15",
dwx,45,1,"606,373","13,474.96",
json,45,18,"786,223","17,471.62",
tin,45,5,"112,699,052","2,504,423.38",
ai,43,13,"78,280,636","1,820,479.91",
shp,43,12,"66,332,040","1,542,605.58",
x,43,6,"15,274,072","355,210.98",
kmz,42,15,"276,652,682","6,586,968.62",
chm,41,11,"27,643,935","674,242.32",
ctb,41,21,"188,114","4,588.15",
indd,41,8,"318,164,992","7,760,121.76",
bat,40,16,"23,899",597.48,
dl_,39,2,"14,829,825","380,251.92",
ico,39,17,"449,525","11,526.28",
onetoc2,39,2,"200,848","5,149.95",
prj,39,16,"845,155","21,670.64",
ptf,39,21,"8,709,479","223,319.97",
spj,39,6,"21,226,114","544,259.33",
docm,36,19,"6,616,997","183,805.47",
mxd,36,6,"152,305,152","4,230,698.67",
thumb,36,7,"366,497","10,180.47",
ods,35,10,"1,028,009","29,371.69",
ptz,35,5,"795,500,771","22,728,593.46",
dng,34,3,"855,467,271","25,160,802.09",
r,34,2,"201,270","5,919.71",
gdbindexes,32,2,"3,628",113.38,
plan,30,2,"349,333,620","11,644,454.00",
tga,30,1,"202,600","6,753.33",
prn,29,6,"1,365,216,986","47,076,447.79",
ax,28,3,"14,052,910","501,889.64",
icloud,28,2,"5,372",191.86,
msi,28,8,"217,636,352","7,772,726.86",
px,28,2,"114,688","4,096.00",
rd,28,1,"105,555","3,769.82",
sig,28,5,"55,177","1,970.61",
dwf,27,4,"8,285,407","306,866.93",
lock,27,3,807,29.89,
reg,27,4,"173,155","6,413.15",
cab,26,8,"147,935,854","5,689,840.54",
dxf,26,14,"342,656,894","13,179,111.31",
kml,26,7,"96,300,911","3,703,881.19",
gdbtable,25,2,"101,841,295","4,073,651.80",
ser,25,3,"92,648,989","3,705,959.56",
xg0,25,2,"870,400","34,816.00",
1t,24,2,"15,688",653.67,
ami,24,15,"5,109,163","212,881.79",
aux,24,2,"440,309","18,346.21",
cit,24,2,"6,822,095","284,253.96",
iwa,24,1,"118,852","4,952.17",
rfa,24,5,"41,103,808","1,712,658.67",
xp_,24,2,"57,140","2,380.83",
config,23,8,"131,098","5,699.91",
emf,23,8,"853,516","37,109.39",
esw,23,3,"378,433,097","16,453,612.91",
qdf,23,1,"281,839,792","12,253,904.00",
rrd,23,1,"1,555,575,606","67,633,722.00",
slog,23,8,"17,952,876","780,559.83",
mat,22,1,"83,328,076","3,787,639.82",
ogg,22,1,"40,794,734","1,854,306.09",
rtm,22,1,"418,268","19,012.18",
xps,22,13,"10,434,291","474,285.95",
hmc,21,2,"24,787,538","1,180,358.95",
qbw,21,5,"1,546,119,168","73,624,722.29",
sbn,21,7,"152,988","7,285.14",
table,21,1,"774,590,670","36,885,270.00",
xlt,21,6,"26,057,216","1,240,819.81",
7z,20,12,"43,437,783,663","2,171,889,183.15",
aae,20,4,"72,117","3,605.85",
atx,20,2,"528,824","26,441.20",
drf,20,2,"21,553","1,077.65",
f01,20,5,"29,807","1,490.35",
ocx,20,6,"16,201,264","810,063.20",
pdf@synoeastream,20,2,"8,526",426.30,
sec,20,2,"1,096,702,998","54,835,149.90",
std,20,3,"500,246","25,012.30",
vsdx,20,6,"40,732,944","2,036,647.20",
webarchive,20,9,"103,436,103","5,171,805.15",
wmf,20,9,"587,662","29,383.10",
10o,19,1,"131,788,126","6,936,217.16",
blp,19,1,"1,259,531","66,291.11",
dvt,19,9,"15,505,720","816,090.53",
dylib,19,1,"17,836,784","938,778.11",
gdbtablx,19,2,"103,008","5,421.47",
identifier,19,2,494,26.00,
m2ts,19,1,"1,067,188,224","56,167,801.26",
svn-base,19,1,"2,317,367","121,966.68",
tml,19,12,"5,544",291.79,
vol,19,8,190,10.00,
dib,18,1,"30,096","1,672.00",
dot,18,10,"5,053,238","280,735.44",
exh,18,13,"2,088",116.00,
gz,18,5,"29,316,881","1,628,715.61",
md5,18,15,"12,628",701.56,
adm,17,1,"11,333,953","666,703.12",
clt,17,4,"3,429,070","201,710.00",
cpg,17,8,103,6.06,
evtx,17,1,"2,166,784","127,457.88",
g01,17,4,"2,192,586","128,975.65",
jgw,17,3,"2,017",118.65,
odt,17,10,"9,242,327","543,666.29",
oll,17,13,"3,106,786","182,752.12",
pages,17,5,"140,244,044","8,249,649.65",
pts,17,12,"5,065,826","297,989.76",
sbx,17,6,"5,316",312.71,
cag,16,1,"40,960","2,560.00",
hex,16,2,"47,900,130","2,993,758.12",
partial,16,12,"12,228,493,171","764,280,823.19",
pub,16,9,"78,444,032","4,902,752.00",
qbb,16,7,"449,009,042","28,063,065.12",
qel,16,1,"12,593,152","787,072.00",
trm,16,1,"199,318,950","12,457,434.38",
3dm,15,1,"885,065,387","59,004,359.13",
ado,15,2,"5,984,312","398,954.13",
anl,15,1,"17,727,837","1,181,855.80",
encr,15,1,"7,064,784","470,985.60",
ldf,15,2,"24,856,489","1,657,099.27",
plt,15,3,"15,924,464","1,061,630.93",
tpx,15,1,"841,703","56,113.53",
ufd,15,6,"16,583","1,105.53",
cda,14,3,616,44.00,
g06,14,2,"3,839,057","274,218.36",
mof,14,2,"152,970","10,926.43",
regtrans-ms,14,1,"7,340,032","524,288.00",
xtp,14,1,"469,070","33,505.00",
yg0,14,2,"57,344","4,096.00",
z01,14,10,"201,863,462,912","14,418,818,779.43",
ds$,13,3,"939,048","72,234.46",
dxe,13,1,"2,473,131","190,240.85",
nib,13,3,"88,985","6,845.00",
nwc,13,2,"15,693,560","1,207,196.92",
rds,13,2,"132,587,037","10,199,002.85",
skp,13,5,"268,786,989","20,675,922.23",
z02,13,9,"182,536,110,080","14,041,239,236.92",
adi,12,1,"577,257","48,104.75",
cfsd,12,2,"4,142,734","345,227.83",
dlf,12,7,"241,219,048","20,101,587.33",
ds2,12,2,"17,424,384","1,452,032.00",
g08,12,2,"1,693,315","141,109.58",
ins,12,5,"345,616","28,801.33",
msv,12,1,"81,050,624","6,754,218.67",
o03,12,3,"473,600","39,466.67",
p2k,12,1,"28,910,438","2,409,203.17",
sqlite,12,2,"11,153,408","929,450.67",
vsd,12,4,"11,577,344","964,778.67",
123,11,2,"807,216","73,383.27",
bak1,11,1,"49,735,522","4,521,411.09",
dst,11,9,"1,063,967","96,724.27",
ex_,11,3,"4,613,203","419,382.09",
indexarrays,11,3,"38,078,912","3,461,719.27",
manifest,11,4,"51,685","4,698.64",
mdf,11,1,"48,300,032","4,390,912.00",
nwf,11,1,"468,177","42,561.55",
p01,11,4,"47,425","4,311.36",
r02,11,3,"1,091,604","99,236.73",
sql,11,4,"3,622,341","329,303.73",
stp,11,4,"14,525,296","1,320,481.45",
sum,11,1,"224,735","20,430.45",
tlog,11,2,"172,507","15,682.45",
webloc,11,6,"6,908",628.00,
z03,11,9,"142,807,662,592","12,982,514,781.09",
cat,10,4,"837,227","83,722.70",
dotx,10,6,"306,166","30,616.60",
e01,10,6,"31,456,343,031","3,145,634,303.10",
e03,10,6,"31,455,690,227","3,145,569,022.70",
esx,10,2,"1,534,327","153,432.70",
fntdata,10,2,"518,489","51,848.90",
o01,10,5,"2,816,000","281,600.00",
o09,10,4,"1,344,000","134,400.00",
odl,10,1,"5,569,558","556,955.80",
scn,10,2,"57,390","5,739.00",
thmx,10,4,"30,810","3,081.00",
bak2,9,1,"41,072,078","4,563,564.22",
cb3,9,1,"34,578,432","3,842,048.00",
clr,9,1,"3,814",423.78,
da_,9,2,"22,918","2,546.44",
dta,9,3,"562,573,239","62,508,137.67",
e02,9,5,"27,262,088,254","3,029,120,917.11",
e04,9,5,"21,165,352,463","2,351,705,829.22",
eps,9,7,"9,463,767","1,051,529.67",
g64,9,3,"1,445,794,214","160,643,801.56",
isc,9,1,"1,505",167.22,
o,9,3,"45,888,465","5,098,718.33",
pa2,9,2,"153,560","17,062.22",
php,9,2,"41,187","4,576.33",
spx,9,2,"37,062","4,118.00",
stm,9,3,"639,285","71,031.67",
tfw,9,4,915,101.67,
at1,8,1,"51,740","6,467.50",
c,8,1,"54,618","6,827.25",
cr2,8,3,"181,814,749","22,726,843.62",
dwt,8,4,"791,399","98,924.88",
f02,8,2,"10,057","1,257.12",
htm·$txf_data,8,1,448,56.00,
ic_,8,2,"928,577","116,072.12",
img,8,2,"8,033,330,111","1,004,166,263.88",
ipm,8,2,"120,684","15,085.50",
joboptions,8,5,"148,908","18,613.50",
mst,8,1,"342,016","42,752.00",
p02,8,2,"33,277","4,159.62",
qph,8,1,256,32.00,
r01,8,4,"1,789,908","223,738.50",
r03,8,2,"174,912","21,864.00",
sdf,8,2,"745,108","93,138.50",
xsl,8,5,"1,144,906","143,113.25",
2,7,7,"40,177,607,215","5,739,658,173.57",
2grd,7,1,"9,365,710","1,337,958.57",
bk1,7,2,"21,665,745","3,095,106.43",
bk2,7,2,"22,367,473","3,195,353.29",
blf,7,1,"458,752","65,536.00",
bt1,7,2,"15,870,317","2,267,188.14",
dll·$ea,7,1,"1,540",220.00,
etz,7,2,"225,132","32,161.71",
flt,7,2,"182,380","26,054.29",
fmp,7,7,"2,058",294.00,
ftr,7,1,967,138.14,
g05,7,2,"116,280","16,611.43",
h5,7,2,"1,821,287","260,183.86",
idb,7,2,"2,087,023","298,146.14",
indexhead,7,3,"28,672","4,096.00",
indexpostings,7,4,"1,072,295","153,185.00",
iw,7,4,"177,568","25,366.86",
kc,7,1,"102,487","14,641.00",
ktx,7,2,"949,234","135,604.86",
lay,7,2,"90,612","12,944.57",
lid,7,4,329,47.00,
md,7,3,"4,909,828","701,404.00",
mpeg,7,5,"1,375,063,487","196,437,641.00",
ntv,7,1,"39,982,295","5,711,756.43",
o02,7,4,"1,017,600","145,371.43",
o10,7,3,"1,209,600","172,800.00",
oga,7,1,"26,142,216","3,734,602.29",
one,7,4,"20,860,685","2,980,097.86",
otf,7,2,"689,632","98,518.86",
p03,7,2,"25,051","3,578.71",
p2t,7,2,"16,851,512","2,407,358.86",
pc3,7,6,"9,135","1,305.00",
pset,7,2,"1,794,365","256,337.86",
rsc,7,1,"47,014","6,716.29",
sldprt,7,1,"3,659,457","522,779.57",
strings,7,1,"25,315","3,616.43",
tsv,7,6,"7,016,519","1,002,359.86",
vcard,7,2,"61,603","8,800.43",
z04,7,6,"81,604,378,624","11,657,768,374.86",
act,6,1,"1,621,764","270,294.00",
asf,6,2,"4,685,893,482","780,982,247.00",
backup,6,4,"12,540,191","2,090,031.83",
bk3,6,2,"16,751,553","2,791,925.50",
bt2,6,2,"14,124,202","2,354,033.67",
bt3,6,2,"12,154,935","2,025,822.50",
cal,6,3,"108,314","18,052.33",
csproj,6,2,"99,003","16,500.50",
dir,6,2,"3,625",604.17,
directorystorefile,6,3,"393,216","65,536.00",
e2s1,6,2,"24,052","4,008.67",
hy8,6,1,"1,592,616","265,436.00",
indexdirectory,6,4,"152,144","25,357.33",
indextermids,6,4,"8,413,528","1,402,254.67",
ipd,6,1,"25,438,278","4,239,713.00",
lg1,6,1,60,10.00,
lyr,6,1,"52,736","8,789.33",
o04,6,3,"473,600","78,933.33",
oxps,6,4,"3,623,959","603,993.17",
pos,6,1,"6,551,287,878","1,091,881,313.00",
rs1,6,1,60,10.00,
rsp,6,1,"6,079","1,013.17",
shadow,6,4,"8,576","1,429.33",
shadowindexdirectory,6,3,"136,724","22,787.33",
tx_tgt,6,1,"84,413,857","14,068,976.17",
ufdx,6,1,"3,889",648.17,
xlk,6,4,"1,626,236","271,039.33",
4,5,5,"12,135,028,212","2,427,005,642.40",
1,5,3,"1,901,068,498","380,213,699.60",
1-unnamed,5,2,"9,928","1,985.60",
21,5,1,"262,764","52,552.80",
3,5,3,"21,997,117","4,399,423.40",
aiff,5,1,"32,108,238","6,421,647.60",
at2,5,1,"67,900","13,580.00",
bt4,5,2,"10,001,854","2,000,370.80",
caf,5,1,"860,412","172,082.40",
created,5,3,0,0.00,
dll·$txf_data,5,1,280,56.00,
e05,5,3,"14,679,584,290","2,935,916,858.00",
e06,5,3,"12,435,827,424","2,487,165,484.80",
ecf,5,1,810,162.00,
edb,5,2,"26,079,063","5,215,812.60",
edi,5,1,"26,065","5,213.00",
f,5,1,"22,902","4,580.40",
gd_,5,2,"528,881","105,776.20",
grd,5,1,"2,730,616","546,123.20",
h,5,1,"6,247","1,249.40",
hol,5,1,"4,275",855.00,
ical,5,2,"3,132",626.40,
indexids,5,3,"163,840","32,768.00",
indexpositions,5,3,"6,943,794","1,388,758.80",
indexupdates,5,3,"6,811,378","1,362,275.60",
itx,5,2,250,50.00,
key,5,5,"31,307,233","6,261,446.60",
lion,5,3,0,0.00,
met,5,3,"4,427,391","885,478.20",
octet_stream,5,1,"64,162,093","12,832,418.60",
p04,5,3,"21,061","4,212.20",
p2p,5,1,15,3.00,
pcp,5,3,"111,667","22,333.40",
pper,5,1,608,121.60,
rasmap,5,2,"37,209","7,441.80",
rb1,5,1,50,10.00,
rcd,5,3,"20,480","4,096.00",
rep,5,2,"867,184","173,436.80",
rp1,5,1,"18,740","3,748.00",
rsk,5,2,"400,867,502","80,173,500.40",
sfc,5,2,"38,741,089","7,748,217.80",
shadowindexcompactdirectory,5,3,"1,304",260.80,
shadowindexgroups,5,2,32,6.40,
shadowindexhead,5,3,"20,480","4,096.00",
skb,5,3,"97,611,359","19,522,271.80",
tag,5,4,515,103.00,
tex,5,2,"24,592","4,918.40",
ucae,5,2,"18,254,331","3,650,866.20",
ufdr,5,1,"2,998,356,889","599,671,377.80",
yef,5,4,"26,423","5,284.60",
3,4,4,"19,360,907,264","4,840,226,816.00",
2,4,3,"24,551,492","6,137,873.00",
ad,4,2,"78,298","19,574.50",
alg,4,2,"1,411,432","352,858.00",
asc,4,3,"17,853,831","4,463,457.75",
atc,4,2,"112,213","28,053.25",
bk4,4,2,"10,665,093","2,666,273.25",
cdc,4,2,"361,984","90,496.00",
cdx,4,1,"45,056","11,264.00",
chd,4,1,"72,290,304","18,072,576.00",
dcr,4,2,"1,357,432,747","339,358,186.75",
dem,4,2,"47,633,408","11,908,352.00",
dll·$ea_information,4,1,32,8.00,
do,4,2,"24,817","6,204.25",
dsk,4,1,"6,477,053,952","1,619,263,488.00",
emz,4,3,"39,152","9,788.00",
fbx,4,2,"52,480,160","13,120,040.00",
freelist,4,2,"95,584","23,896.00",
ft1,4,1,"1,790",447.50,
gix,4,1,"4,220","1,055.00",
gpk,4,3,"6,945,792","1,736,448.00",
ifc,4,1,"202,771,754","50,692,938.50",
in,4,1,"2,722,888","680,722.00",
indexcompactdirectory,4,3,"2,064",516.00,
itdb,4,2,"98,304","24,576.00",
iwm,4,3,"2,575",643.75,
kip,4,1,459,114.75,
ldb,4,2,"2,160,968","540,242.00",
lin,4,3,498,124.50,
lpt,4,1,"1,966",491.50,
mmdl,4,3,"50,205,822","12,551,455.50",
nd,4,4,"1,632",408.00,
ndx,4,2,"78,436","19,609.00",
numbers,4,4,"3,564,614","891,153.50",
obs,4,1,"2,261,016","565,254.00",
potx,4,3,"30,723,600","7,680,900.00",
pqi,4,1,"8,111","2,027.75",
pqo,4,1,"338,942","84,735.50",
properties,4,2,"306,453","76,613.25",
qb2012,4,2,"85,067,776","21,266,944.00",
qb2014,4,1,"88,811,520","22,202,880.00",
r04,4,2,"270,215","67,553.75",
rdf,4,1,"12,752","3,188.00",
rel,4,1,"146,646","36,661.50",
rl1,4,1,"34,948","8,737.00",
rl2,4,1,"34,924","8,731.00",
rmd,4,1,"58,176","14,544.00",
rpc,4,1,"8,201","2,050.25",
rpt,4,4,"15,807,909","3,951,977.25",
sif,4,2,"3,625",906.25,
slddrw,4,3,"2,153,944","538,486.00",
smt,4,3,"55,388","13,847.00",
svg,4,3,"23,726","5,931.50",Done
swz,4,1,"1,291,403","322,850.75",
textclipping,4,1,828,207.00,
tpl,4,2,"8,512","2,128.00",
ttl,4,1,"18,932","4,733.00",
wbk,4,3,"822,784","205,696.00",
wfm,4,1,"3,073,472","768,368.00",
wlmp,4,2,"209,083","52,270.75",
z,4,2,"2,882,013","720,503.25",
$et,3,1,"349,441","116,480.33",
17,3,2,"18,094,933","6,031,644.33",
4te,3,1,"371,464","123,821.33",
822,3,1,"7,269","2,423.00",
accdb,3,1,"20,795,392","6,931,797.33",
adf,3,1,"187,876","62,625.33",
aoi,3,1,"8,816","2,938.67",
asp,3,2,907,302.33,
ast,3,2,"146,390","48,796.67",
at3,3,1,"6,510","2,170.00",
bil,3,1,"77,803,206","25,934,402.00",
blw,3,1,246,82.00,
car,3,2,"2,268,928","756,309.33",
cl1,3,1,66,22.00,
clog,3,2,"232,180","77,393.33",
con,3,1,"555,822","185,274.00",
conf,3,3,"16,224","5,408.00",
copy1,3,2,"16,244","5,414.67",
cs,3,1,"24,418","8,139.33",
ctr,3,3,23,7.67,
dbi,3,1,"16,984,847","5,661,615.67",
dcb,3,2,"56,256","18,752.00",
dct,3,3,"136,089","45,363.00",
ddl,3,1,"9,635","3,211.67",
ds_store,3,3,"22,536","7,512.00",
dsd,3,2,"34,887","11,629.00",
e07,3,1,"6,291,247,366","2,097,082,455.33",
e08,3,1,"6,291,129,160","2,097,043,053.33",
e09,3,1,"6,291,176,637","2,097,058,879.00",
e10,3,1,"6,291,134,216","2,097,044,738.67",
e11,3,1,"6,290,954,856","2,096,984,952.00",
ebk,3,1,"1,232,145","410,715.00",
eri,3,1,"2,009,120","669,706.67",
exml,3,2,768,256.00,
f03,3,2,"1,545",515.00,
f04,3,1,"5,406","1,802.00",
fbk,3,1,"21,223","7,074.33",
fdb,3,1,"6,402,242","2,134,080.67",
fem,3,1,"102,405","34,135.00",
fm3,3,1,"1,107",369.00,
for,3,2,"16,362","5,454.00",
fpage,3,1,"97,910","32,636.67",
ftx,3,1,"12,911,402","4,303,800.67",
g02,3,2,"485,032","161,677.33",
g10,3,1,"1,441,549","480,516.33",
gdoc,3,2,697,232.33,
geo,3,2,"53,545","17,848.33",
gfa,3,1,0,0.00,
gp_,3,2,"4,509","1,503.00",
h01,3,2,"15,105","5,035.00",
hcp,3,1,"16,178","5,392.67",
hdr,3,1,921,307.00,
hl1,3,1,"2,352",784.00,
inc,3,1,"25,454","8,484.67",
indexgroups,3,3,"9,831","3,277.00",
indexpositiontable,3,3,"4,210,688","1,403,562.67",
iqapp,3,1,675,225.00,
job,3,1,"148,797","49,599.00",
lic,3,2,"1,548",516.00,
lpl,3,1,"4,820","1,606.67",
lsp,3,2,"44,525","14,841.67",
meg,3,3,17,5.67,
mkv,3,2,"1,079,038,426","359,679,475.33",
mp3@synoresource,3,1,246,82.00,
mso,3,3,"140,571","46,857.00",
mtd,3,1,"142,168,072","47,389,357.33",
odf,3,1,48,16.00,
olm,3,3,"1,926,393,194","642,131,064.67",
opju,3,1,"504,918","168,306.00",
pp_,3,2,"48,681","16,227.00",
pptm,3,3,"13,757,071","4,585,690.33",
ps1,3,1,"1,374",458.00,
psf,3,2,"1,541,695,656","513,898,552.00",
qb2016,3,2,"92,753,920","30,917,973.33",
qbp,3,2,"283,468","94,489.33",
rdata,3,3,"201,207,718","67,069,239.33",
res,3,1,24,8.00,
rlb,3,1,24,8.00,
rou,3,2,"124,758","41,586.00",
rpmsg,3,2,"31,397,043","10,465,681.00",
rpq,3,1,"2,447",815.67,
rsmf,3,1,"8,885","2,961.67",
rup,3,1,"7,098,425","2,366,141.67",
sav,3,1,"371,464","123,821.33",
shadowindexpositiontable,3,2,"2,371,776","790,592.00",
shadowindextermids,3,2,"2,371,776","790,592.00",
slb,3,1,"17,610","5,870.00",
sou,3,1,"21,829","7,276.33",
srf,3,2,"86,315,560","28,771,853.33",
syn,3,1,"1,135,074","378,358.00",
ta4,3,2,0,0.00,
tl1,3,1,"5,997","1,999.00",
tlb,3,2,"298,420","99,473.33",
tmx,3,3,"407,726","135,908.67",
trk,3,2,"64,512","21,504.00",
up_,3,2,"171,710","57,236.67",
updates,3,3,32,10.67,
vbs,3,2,"15,546","5,182.00",
xmet,3,1,"9,541","3,180.33",
y~,3,1,"5,329,756","1,776,585.33",
-support rule 144 opinion (pledged nonrestricted control shares) - sign,2,2,"282,862","141,431.00",
~yn,2,1,"310,350","155,175.00",
0·$txf_data,2,1,112,56.00,
0,2,2,"18,112,256","9,056,128.00",
5,2,2,"5,024,776,192","2,512,388,096.00",
6,2,2,"4,290,793,410","2,145,396,705.00",
48,2,2,"12,961,344","6,480,672.00",
51,2,2,"123,258,432","61,629,216.00",
106,2,1,"2,080","1,040.00",
3643236f_fc70_11d3_a536_0090278a1bb8,2,1,"7,535,162","3,767,581.00",
3dmbak,2,2,"34,086,816","17,043,408.00",
3ds,2,2,"4,709,600","2,354,800.00",
5·$txf_data,2,1,112,56.00,
50,2,2,106,53.00,
6,2,2,"23,151,274","11,575,637.00",
aodl,2,1,0,0.00,
apj,2,2,"5,827","2,913.50",
avg,2,1,"13,933","6,966.50",
avux,2,1,"84,734","42,367.00",
bkup2_ec6,2,2,"6,166,528","3,083,264.00",
bsf,2,1,"44,392","22,196.00",
cfg,2,2,743,371.50,
chk,2,2,"8,224","4,112.00",
cmppl,2,2,"1,518",759.00,
cnx,2,2,"123,266","61,633.00",
contact,2,2,"113,004","56,502.00",
cor,2,2,"106,356","53,178.00",
crd,2,1,"5,092","2,546.00",
crdownload,2,2,"29,905,997","14,952,998.50",
ctl,2,1,0,0.00,
cuix,2,2,"170,600","85,300.00",
db-journal,2,1,"95,416","47,708.00",
dgnlib,2,2,"81,920","40,960.00",
dotm,2,2,"1,527,803","763,901.50",
dsn,2,2,778,389.00,
dts,2,1,"918,542","459,271.00",
dvf,2,1,"15,540,224","7,770,112.00",
e12,2,1,"4,193,987,254","2,096,993,627.00",
e13,2,1,"4,194,046,978","2,097,023,489.00",
e14,2,1,"4,193,984,774","2,096,992,387.00",
e15,2,1,"4,193,971,194","2,096,985,597.00",
e16,2,1,"4,194,022,748","2,097,011,374.00",
e17,2,1,"4,194,015,612","2,097,007,806.00",
e18,2,1,"4,194,095,177","2,097,047,588.50",
e19,2,1,"4,194,061,658","2,097,030,829.00",
e20,2,1,"4,193,960,750","2,096,980,375.00",
e21,2,1,"4,194,041,331","2,097,020,665.50",
e22,2,1,"4,194,176,943","2,097,088,471.50",
e23,2,1,"4,194,085,436","2,097,042,718.00",
e24,2,1,"4,194,031,001","2,097,015,500.50",
e25,2,1,"4,194,092,816","2,097,046,408.00",
e26,2,1,"4,194,048,351","2,097,024,175.50",
e27,2,1,"4,194,007,445","2,097,003,722.50",
e28,2,1,"4,194,085,911","2,097,042,955.50",
e29,2,1,"4,194,067,858","2,097,033,929.00",
e30,2,1,"4,194,106,105","2,097,053,052.50",
e31,2,1,"4,194,048,138","2,097,024,069.00",
e32,2,1,"4,194,038,369","2,097,019,184.50",
e33,2,1,"4,194,081,381","2,097,040,690.50",
e34,2,1,"4,194,011,139","2,097,005,569.50",
e35,2,1,"4,194,058,605","2,097,029,302.50",
e36,2,1,"4,194,009,191","2,097,004,595.50",
e37,2,1,"4,194,059,452","2,097,029,726.00",
e38,2,1,"4,194,113,297","2,097,056,648.50",
e39,2,1,"4,194,069,819","2,097,034,909.50",
e40,2,1,"4,194,111,500","2,097,055,750.00",
e41,2,1,"4,194,057,456","2,097,028,728.00",
e42,2,1,"4,194,135,308","2,097,067,654.00",
e43,2,1,"4,194,164,291","2,097,082,145.50",
e44,2,1,"4,194,093,496","2,097,046,748.00",
e45,2,1,"4,194,071,193","2,097,035,596.50",
e46,2,1,"4,194,108,148","2,097,054,074.00",
e47,2,1,"4,194,103,645","2,097,051,822.50",
e48,2,1,"4,194,067,359","2,097,033,679.50",
e49,2,1,"4,194,187,830","2,097,093,915.00",
e50,2,1,"4,194,005,870","2,097,002,935.00",
e51,2,1,"4,194,112,244","2,097,056,122.00",
e52,2,1,"4,194,065,921","2,097,032,960.50",
e53,2,1,"4,194,104,804","2,097,052,402.00",
e54,2,1,"4,194,044,280","2,097,022,140.00",
e55,2,1,"4,194,171,059","2,097,085,529.50",
e56,2,1,"4,194,000,572","2,097,000,286.00",
e57,2,1,"4,194,091,049","2,097,045,524.50",
e58,2,1,"4,193,935,066","2,096,967,533.00",
e59,2,1,"4,194,052,422","2,097,026,211.00",
e60,2,1,"4,194,054,970","2,097,027,485.00",
e61,2,1,"4,194,073,421","2,097,036,710.50",
e62,2,1,"4,194,058,084","2,097,029,042.00",
e63,2,1,"4,194,071,148","2,097,035,574.00",
e64,2,1,"4,194,077,764","2,097,038,882.00",
e65,2,1,"4,193,984,220","2,096,992,110.00",
e66,2,1,"4,193,989,382","2,096,994,691.00",
e67,2,1,"4,193,967,496","2,096,983,748.00",
e68,2,1,"4,194,063,659","2,097,031,829.50",
e69,2,1,"4,194,058,330","2,097,029,165.00",
e70,2,1,"4,194,104,480","2,097,052,240.00",
e71,2,1,"4,194,082,116","2,097,041,058.00",
e72,2,1,"4,194,099,307","2,097,049,653.50",
e73,2,1,"4,194,124,765","2,097,062,382.50",
e74,2,1,"4,194,137,673","2,097,068,836.50",
e75,2,1,"4,194,070,086","2,097,035,043.00",
e76,2,1,"4,193,998,484","2,096,999,242.00",
e77,2,1,"4,194,027,561","2,097,013,780.50",
e78,2,1,"4,194,027,053","2,097,013,526.50",
e79,2,1,"4,193,947,788","2,096,973,894.00",
e80,2,1,"4,193,973,475","2,096,986,737.50",
e81,2,1,"4,193,981,934","2,096,990,967.00",
e82,2,1,"4,194,033,114","2,097,016,557.00",
e83,2,1,"4,194,103,909","2,097,051,954.50",
e84,2,1,"4,194,004,248","2,097,002,124.00",
e85,2,1,"4,194,137,655","2,097,068,827.50",
e86,2,1,"4,194,000,841","2,097,000,420.50",
e87,2,1,"4,194,057,498","2,097,028,749.00",
e88,2,1,"4,194,135,632","2,097,067,816.00",
e89,2,1,"4,194,045,587","2,097,022,793.50",
e90,2,1,"4,194,061,631","2,097,030,815.50",
e91,2,1,"4,193,949,597","2,096,974,798.50",
e92,2,1,"4,194,051,100","2,097,025,550.00",
e93,2,1,"3,137,521,339","1,568,760,669.50",
emb,2,1,"367,616","183,808.00",
eml alias,2,1,"2,124","1,062.00",
eot,2,1,"384,232","192,116.00",
est,2,2,"30,385","15,192.50",
etl,2,1,"104,857,600","52,428,800.00",
exe·$ea,2,1,428,214.00,
fdf,2,2,"680,628","340,314.00",
fix,2,1,"16,952","8,476.00",
flv,2,1,"56,440,660","28,220,330.00",
fpt,2,1,"1,024",512.00,
fts,2,1,"1,261,609","630,804.50",
fzy,2,1,"8,192","4,096.00",
g03,2,2,"15,252","7,626.00",
g64x,2,2,"141,015,600","70,507,800.00",
gca,2,1,"2,032","1,016.00",
gcs,2,1,"22,016","11,008.00",
gen,2,1,"44,743","22,371.50",
gis,2,1,"28,394","14,197.00",
gmw,2,1,"98,648","49,324.00",
gpw,2,2,"361,151","180,575.50",
heu,2,2,296,148.00,
hta,2,1,"3,488","1,744.00",
htc,2,2,"3,557","1,778.50",
iif,2,1,"33,870","16,935.00",
in_,2,1,575,287.50,
ini2,2,1,"7,014","3,507.00",
inp,2,1,"93,758","46,879.00",
itl,2,2,"33,435","16,717.50",
ivt,2,2,"29,338","14,669.00",
jat,2,1,0,0.00,
jgwx,2,1,227,113.50,
jt,2,1,"43,805,432","21,902,716.00",
jxl,2,1,"1,088,442","544,221.00",
lck,2,1,24,12.00,
loc,2,1,"8,631","4,315.50",
lockfile,2,1,0,0.00,
lot,2,2,"1,987",993.50,
man,2,1,"36,667","18,333.50",
mcl,2,1,"4,909,279","2,454,639.50",
mjp,2,2,"841,806,225","420,903,112.50",
mms,2,2,"936,610","468,305.00",
mnova,2,1,"2,259,337","1,129,668.50",
mxf,2,2,"1,724,766,304","862,383,152.00",
nddot,2,1,"271,360","135,680.00",
not,2,1,"10,308","5,154.00",
nt_,2,1,"1,385,887","692,943.50",
o06,2,2,"256,000","128,000.00",
odc,2,1,386,193.00,
odp,2,1,"563,926","281,963.00",
oh2,2,1,"2,168,705","1,084,352.50",
ost,2,2,"9,724,084,224","4,862,042,112.00",
p06,2,1,"7,514","3,757.00",
pack,2,1,"7,789,358","3,894,679.00",
paper,2,2,400,200.00,
pbb,2,2,"18,377","9,188.50",
pbk,2,1,"26,645","13,322.50",
pcv,2,2,"14,282,538,542","7,141,269,271.00",
pdb,2,2,"2,795,008","1,397,504.00",
pdf alias,2,1,"2,188","1,094.00",
pfl,2,1,"170,300,064","85,150,032.00",
pl,2,1,"6,988","3,494.00",
pmdi,2,1,"22,072","11,036.00",
pps,2,2,"4,581,376","2,290,688.00",
psb,2,2,"20,496,789,506","10,248,394,753.00",
ptn2,2,1,"5,638","2,819.00",
qdf-backup,2,2,"107,065,344","53,532,672.00",
r07,2,1,"331,871","165,935.50",
r10,2,1,"287,916","143,958.00",
rda,2,1,"3,780,716","1,890,358.00",
rdp,2,2,"1,996",998.00,
rhl,2,1,90,45.00,
rsrc,2,2,"330,724","165,362.00",
rss,2,2,"24,820,508","12,410,254.00",
rtfd,2,1,140,70.00,
scr,2,2,"18,667","9,333.50",
search-ms,2,1,496,248.00,
seq,2,1,"71,381","35,690.50",
sf,2,1,"4,625,224","2,312,612.00",
slic,2,1,926,463.00,
sms,2,2,"9,210,852","4,605,426.00",
sookasa,2,1,"122,158","61,079.00",
sp,2,2,"10,733,455","5,366,727.50",
specs,2,1,"5,659,547","2,829,773.50",
ssi,2,1,"10,732","5,366.00",
state,2,1,"8,192","4,096.00",
syd,2,1,"1,712,128","856,064.00",
sys,2,2,"76,463","38,231.50",
ta3,2,2,0,0.00,
trs,2,1,"29,640","14,820.00",
ttc,2,2,"1,833,396","916,698.00",
txt~,2,1,"19,421,671","9,710,835.50",
wb4,2,1,"159,920","79,960.00",
wbt,2,1,"209,715,200","104,857,600.00",
wim,2,1,"773,585,886","386,792,943.00",
wk3,2,1,"138,976","69,488.00",
wmdb,2,1,"70,092","35,046.00",
word-freq,2,1,"4,888,374","2,444,187.00",
xltx,2,2,"51,535","25,767.50",
xrl,2,1,680,340.00,
y01,2,1,"275,520","137,760.00",
z05,2,2,"21,474,836,480","10,737,418,240.00",
_13788,1,1,"227,280","227,280.00",
-,1,1,"286,608","286,608.00",
-support rule 144 opinion (pledged nonrestricted control shares) - signed[1,1,1,"133,964","133,964.00",
!!!,1,1,"200,338","200,338.00",
7,1,1,"4,290,772,992","4,290,772,992.00",
8,1,1,"4,290,772,992","4,290,772,992.00",
9,1,1,"4,290,772,992","4,290,772,992.00",
10,1,1,"4,290,772,992","4,290,772,992.00",
11,1,1,"4,290,772,992","4,290,772,992.00",
12,1,1,"4,290,772,992","4,290,772,992.00",
13,1,1,"4,290,772,992","4,290,772,992.00",
14,1,1,"4,290,772,992","4,290,772,992.00",
02 - love in the age of cholera ss009,1,1,"179,161","179,161.00",
20,1,1,"113,585","113,585.00",
3,1,1,"2,514,068","2,514,068.00",
04 - gas coming out of the road - ss003,1,1,"160,702","160,702.00",
04 - gas coming out of the road - ss005,1,1,"226,711","226,711.00",
08 - exxonmobil - nature lover - ss001,1,1,"173,230","173,230.00",
08 - exxonmobil - nature lover - ss004,1,1,"132,960","132,960.00",
09 - rrc ignores more leaking condensate - leaking riser #353 - ss005,1,1,"116,905","116,905.00",
09 - rrc ignores more leaking condensate - leaking riser #353 - ss008,1,1,"191,696","191,696.00",
1-att00001,1,1,273,273.00,
125,1,1,"40,097,039","40,097,039.00",
14,1,1,"9,465,749","9,465,749.00",
14 - the uncertain fate of exxon's kelsey compressor station - ss003,1,1,"201,794","201,794.00",
14 - the uncertain fate of exxon's kelsey compressor station - ss004,1,1,"150,344","150,344.00",
14 - the uncertain fate of exxon's kelsey compressor station - ss006,1,1,"222,537","222,537.00",
14 - the uncertain fate of exxon's kelsey compressor station - ss009,1,1,"217,524","217,524.00",
14 - the uncertain fate of exxon's kelsey compressor station - ss014,1,1,"186,810","186,810.00",
14 - the uncertain fate of exxon's kelsey compressor station - ss062,1,1,"170,556","170,556.00",
14 - the uncertain fate of exxon's kelsey compressor station - ss068,1,1,"141,215","141,215.00",
14 - the uncertain fate of exxon's kelsey compressor station - ss071,1,1,"57,399","57,399.00",
14 - the uncertain fate of exxon's kelsey compressor station - ss078,1,1,"125,347","125,347.00",
14 - the uncertain fate of exxon's kelsey compressor station - ss088,1,1,"188,166","188,166.00",
14 - the uncertain fate of exxon's kelsey compressor station - ss091,1,1,"180,885","180,885.00",
14 - the uncertain fate of exxon's kelsey compressor station - ss101,1,1,"139,213","139,213.00",
14 - the uncertain fate of exxon's kelsey compressor station - ss116,1,1,"166,875","166,875.00",
14 - the uncertain fate of exxon's kelsey compressor station - ss126,1,1,"182,986","182,986.00",
14 - the uncertain fate of exxon's kelsey compressor station - ss178,1,1,"175,539","175,539.00",
14 - the uncertain fate of exxon's kelsey compressor station - ss186,1,1,"177,416","177,416.00",
14 - the uncertain fate of exxon's kelsey compressor station - ss194,1,1,"224,900","224,900.00",
14 ck to georgio marketin,1,1,"132,258","132,258.00",
143,1,1,"40,105,703","40,105,703.00",
15,1,1,"15,768,588","15,768,588.00",
16,1,1,"1,427,448","1,427,448.00",
16 - here's your correction el paso - ent-elpaso kelsy station - ss002,1,1,"241,166","241,166.00",
16 - here's your correction el paso - ent-elpaso kelsy station - ss003,1,1,"300,341","300,341.00",
16 - here's your correction el paso - ent-elpaso kelsy station - ss004,1,1,"316,755","316,755.00",
16 - here's your correction el paso - ent-elpaso kelsy station - ss005,1,1,"299,375","299,375.00",
16 - here's your correction el paso - ent-elpaso kelsy station - ss006,1,1,"174,308","174,308.00",
18_ncresp,1,1,"38,843,182","38,843,182.00",
19 - checking in on the fm 1017 groundwater contamination - ss001,1,1,"100,507","100,507.00",
19 - checking in on the fm 1017 groundwater contamination - ss002,1,1,"496,713","496,713.00",
19 - checking in on the fm 1017 groundwater contamination - ss003,1,1,"263,634","263,634.00",
19 - checking in on the fm 1017 groundwater contamination - ss004,1,1,"426,687","426,687.00",
19 - checking in on the fm 1017 groundwater contamination - ss005,1,1,"373,816","373,816.00",
2_exam under oath mark lindsey & step,1,1,"537,227","537,227.00",
2_exam under oath mark lindsey steph,1,1,"430,448","430,448.00",
20 - headers_ __ext__ re_ plan b_3,1,1,"5,056","5,056.00",
21 - xoman compare and contrast - ss 1,1,1,"30,062","30,062.00",
22 - cheepskates - kelsey dump ss001,1,1,"374,743","374,743.00",
22 - cheepskates - kelsey dump ss002,1,1,"163,680","163,680.00",
22 - cheepskates - kelsey dump ss003,1,1,"153,531","153,531.00",
22 - cheepskates - kelsey dump ss004,1,1,"187,208","187,208.00",
22 - cheepskates - kelsey dump ss005,1,1,"68,410","68,410.00",
22 - cheepskates - kelsey dump ss006,1,1,"77,789","77,789.00",
22 - cheepskates - kelsey dump ss007,1,1,"149,691","149,691.00",
22 - cheepskates - kelsey dump ss008,1,1,"52,989","52,989.00",
22 - cheepskates - kelsey dump ss009,1,1,"172,259","172,259.00",
22 - cheepskates - kelsey dump ss010,1,1,"169,669","169,669.00",
22 - cheepskates - kelsey dump ss011,1,1,"145,399","145,399.00",
22 - cheepskates - kelsey dump ss012,1,1,"123,386","123,386.00",
22 - cheepskates - kelsey dump ss013,1,1,"151,222","151,222.00",
22 - cheepskates - kelsey dump ss014,1,1,"173,066","173,066.00",
22 - cheepskates - kelsey dump ss015,1,1,"157,921","157,921.00",
22 - cheepskates - kelsey dump ss016,1,1,"129,501","129,501.00",
26,1,1,"1,247,520","1,247,520.00",
26 - crikey - burned tractor - ss002,1,1,"265,013","265,013.00",
26 - crikey - burned tractor - ss007,1,1,"208,093","208,093.00",
26 - crikey - burned tractor - ss012,1,1,"183,540","183,540.00",
26 - crikey - hidden gas lift risers - ss001,1,1,"506,989","506,989.00",
26 - crikey -hidden gas lift risers - ss002,1,1,"250,711","250,711.00",
26 - crikey -hidden gas lift risers - ss003,1,1,"242,383","242,383.00",
26 - crikey -hidden gas lift risers - ss004,1,1,"223,660","223,660.00",
26 - crikey -hidden gas lift risers - ss005,1,1,"145,773","145,773.00",
26 - crikey -hidden gas lift risers - ss006,1,1,"190,767","190,767.00",
26 - crikey -hidden gas lift risers - ss007,1,1,"252,938","252,938.00",
26 - crikey -hidden gas lift risers - ss008,1,1,"177,566","177,566.00",
26 - crikey -hidden gas lift risers - ss009,1,1,"172,886","172,886.00",
26 - crikey -hidden gas lift risers - ss010,1,1,"245,370","245,370.00",
26 - crikey -hidden gas lift risers - ss011,1,1,"253,101","253,101.00",
26 - crikey -hidden gas lift risers - ss012,1,1,"266,560","266,560.00",
26 - crikey -hidden gas lift risers - ss013,1,1,"252,241","252,241.00",
26 - crikey -hidden gas lift risers - ss015,1,1,"255,879","255,879.00",
26 - crikey -hidden gas lift risers - ss016,1,1,"276,523","276,523.00",
26 - crikey -hidden gas lift risers - ss017,1,1,"259,797","259,797.00",
27 exxonmobils kelsey field operations to make european debut - produced water coming out of abandoned wellbore - ss004,1,1,"216,038","216,038.00",
27 exxonmobils kelsey field operations to make european debut - produced water coming out of abandoned wellbore - ss011,1,1,"117,714","117,714.00",
27 exxonmobils kelsey field operations to make european debut - produced water coming out of abandoned wellbore - ss018,1,1,"101,415","101,415.00",
27 exxonmobils kelsey field operations to make european debut - produced water coming out of abandoned wellbore - ss024,1,1,"273,678","273,678.00",
28 - exxon sings a sone now pays the band - bubbling road dig 9-26-09 ss006,1,1,"223,504","223,504.00",
28 - exxon sings a sone now pays the band - bubbling road dig 9-26-09 ss012,1,1,"216,153","216,153.00",
28 - exxon sings a sone now pays the band - bubbling road dig 9-26-09 ss020,1,1,"231,710","231,710.00",
28 - exxon sings a sone now pays the band - bubbling road dig 9-26-09 ss026,1,1,"185,693","185,693.00",
28 - exxon sings a sone now pays the band - bubbling road dig 9-26-09 ss032,1,1,"159,160","159,160.00",
28 - exxon sings a sone now pays the band - bubbling road dig 9-26-09 ss038,1,1,"181,845","181,845.00",
29,1,1,"1,247,830","1,247,830.00",
29 - polyline locura - bubbling road 9-28-09 - ss005,1,1,"159,595","159,595.00",
29 - polyline locura - bubbling road 9-28-09 - ss011,1,1,"225,597","225,597.00",
29 - xoman to begin work after hunting season - ss108,1,1,"225,829","225,829.00",
4,1,1,"20,971,577","20,971,577.00",
5 inch butcherblock -advantage,1,1,"47,134","47,134.00",
52 mb),1,1,"4,687,360","4,687,360.00",
"6' extension, 2 clips",1,1,"58,870","58,870.00",
8,1,1,"20,971,591","20,971,591.00",
83-0042145 - c,1,1,"125,952","125,952.00",
9,1,1,"20,972,008","20,972,008.00",
acd,1,1,"9,874,174","9,874,174.00",
adu,1,1,145,145.00,
aerial showing the ransom school monitoring area,1,1,"389,887","389,887.00",
agi,1,1,"18,540,005","18,540,005.00",
ana,1,1,"9,708","9,708.00",
ap$,1,1,"3,439","3,439.00",
apa,1,1,"661,504","661,504.00",
api,1,1,"9,030","9,030.00",
arg,1,1,"245,802","245,802.00",
art,1,1,"3,215,101","3,215,101.00",
at,1,1,"9,849","9,849.00",
au,1,1,"12,309,884","12,309,884.00",
ave,1,1,"1,141,231,233","1,141,231,233.00",
avr,1,1,"74,215","74,215.00",
aws,1,1,"251,458","251,458.00",
bag,1,1,0,0.00,
bbb,1,1,"2,238,932","2,238,932.00",
bd,1,1,"2,058","2,058.00",
bdic,1,1,"446,642","446,642.00",
bib,1,1,"7,789","7,789.00",
binarycookies,1,1,241,241.00,
bkml,1,1,"59,198","59,198.00",
bkup_ec6,1,1,"5,909,760","5,909,760.00",
blg,1,1,926,926.00,
blo,1,1,"450,205","450,205.00",
brn,1,1,"9,806","9,806.00",
btw,1,1,"88,597","88,597.00",
bundle,1,1,"2,377,951","2,377,951.00",
cbk,1,1,"16,866","16,866.00",
cbm,1,1,227,227.00,
cdd,1,1,"195,606","195,606.00",
cgr,1,1,"7,304","7,304.00",
ch_,1,1,"253,142","253,142.00",
cjstyles,1,1,"560,128","560,128.00",
class,1,1,"38,820","38,820.00",
cnsdb,1,1,"2,617","2,617.00",
cnt,1,1,"2,441","2,441.00",
copy4,1,1,"16,728","16,728.00",
cov,1,1,"1,566","1,566.00",
cpl,1,1,"22,086","22,086.00",
cse,1,1,"659,635","659,635.00",
ctm,1,1,217,217.00,
cui,1,1,"1,119,435","1,119,435.00",
custom,1,1,0,0.00,
customdestinations-ms,1,1,24,24.00,
cvd,1,1,939,939.00,
cvm,1,1,"44,152","44,152.00",
dat2,1,1,"132,920","132,920.00",
dax,1,1,0,0.00,
dc,1,1,306,306.00,
ddg,1,1,64,64.00,
devicemetadata-ms,1,1,"9,790,926","9,790,926.00",
df2,1,1,"994,816","994,816.00",
directory,1,1,0,0.00,
dlm,1,1,"298,975,232","298,975,232.00",
dmp,1,1,"1,206","1,206.00",
dsy,1,1,64,64.00,
dtf,1,1,133,133.00,
dwfx,1,1,"3,115,783","3,115,783.00",
dwh,1,1,"78,986","78,986.00",
e94,1,1,"2,097,074,694","2,097,074,694.00",
e95,1,1,"2,096,984,112","2,096,984,112.00",
e96,1,1,"2,097,021,096","2,097,021,096.00",
e97,1,1,"2,097,006,867","2,097,006,867.00",
e98,1,1,"2,097,040,900","2,097,040,900.00",
e99,1,1,"2,097,044,799","2,097,044,799.00",
eaa,1,1,"931,059,293","931,059,293.00",
ec6,1,1,"269,312","269,312.00",
edii,1,1,"702,956","702,956.00",
editlayout,1,1,"4,096","4,096.00",
eds,1,1,"722,674","722,674.00",
efi,1,1,"669,568","669,568.00",
emg,1,1,732,732.00,
enc,1,1,"870,864,116","870,864,116.00",
enu,1,1,"5,570","5,570.00",
exe·$ea_information,1,1,8,8.00,
fb,1,1,"1,008,746","1,008,746.00",
fid1207575],1,1,0,0.00,
fingerprint,1,1,0,0.00,
fw,1,1,"8,797","8,797.00",
fzip,1,1,"637,502","637,502.00",
g04,1,1,"301,090","301,090.00",
g07,1,1,"474,510","474,510.00",
g09,1,1,"219,616","219,616.00",
g11,1,1,"156,037","156,037.00",
gcl,1,1,"921,022","921,022.00",
gdt,1,1,"602,112","602,112.00",
gg,1,1,"117,359","117,359.00",
gmr,1,1,"21,294","21,294.00",
gnn,1,1,"16,658","16,658.00",
gpj,1,1,"1,155,072","1,155,072.00",
han,1,1,"3,370","3,370.00",
hash,1,1,106,106.00,
hep,1,1,"3,019","3,019.00",
hg,1,1,"2,104","2,104.00",
hmr,1,1,"18,982,232","18,982,232.00",
home,1,1,"16,823","16,823.00",
hpsign,1,1,256,256.00,
icns,1,1,"63,597","63,597.00",
idml,1,1,"193,762","193,762.00",
ids,1,1,0,0.00,
igs,1,1,"97,580","97,580.00",
im,1,1,"1,921,782","1,921,782.00",
incomplete,1,1,"15,988,954","15,988,954.00",
ipynb,1,1,"205,524","205,524.00",
iso,1,1,"63,922,176","63,922,176.00",
ito,1,1,222,222.00,
its_1041,1,1,"4,427,560","4,427,560.00",
jfif,1,1,"37,085","37,085.00",
jou,1,1,9,9.00,
jrs,1,1,"524,288","524,288.00",
k~e,1,1,152,152.00,
k~m,1,1,"3,968","3,968.00",
l,1,1,916,916.00,
laccdb,1,1,128,128.00,
layout,1,1,"4,096","4,096.00",
lfx,1,1,"67,409","67,409.00",
lim,1,1,0,0.00,
list,1,1,102,102.00,
lof,1,1,"1,616","1,616.00",
log1,1,1,"262,144","262,144.00",
ls,1,1,140,140.00,
lwc,1,1,"15,810","15,810.00",
lwp,1,1,"30,892","30,892.00",
m2_,1,1,387,387.00,
max,1,1,"7,819,264","7,819,264.00",
mb,1,1,"4,096","4,096.00",
mcdx,1,1,"985,784","985,784.00",
mci,1,1,927,927.00,
mem,1,1,402,402.00,
memberinteraction,1,1,"4,107","4,107.00",
mg2,1,1,846,846.00,
mif,1,1,"230,228","230,228.00",
mnr,1,1,6,6.00,
mp,1,1,"17,777","17,777.00",
mpe,1,1,"9,904,132","9,904,132.00",
mvba,1,1,"8,704","8,704.00",
nif,1,1,"203,947","203,947.00",
not_found,1,1,46,46.00,
nsf,1,1,"726,925,312","726,925,312.00",
nsw,1,1,"876,544","876,544.00",
nt,1,1,"11,186","11,186.00",
num,1,1,13,13.00,
o05,1,1,"192,000","192,000.00",
o07,1,1,"204,800","204,800.00",
octet-stream,1,1,"1,541,120","1,541,120.00",
od1,1,1,"23,040","23,040.00",
old,1,1,"2,379,776","2,379,776.00",
olk15message,1,1,"6,972","6,972.00",
other expense,1,1,"20,144,650","20,144,650.00",
p05,1,1,"3,226","3,226.00",
p12,1,1,"5,750","5,750.00",
p2s,1,1,670,670.00,
p7b,1,1,"6,247","6,247.00",
pat,1,1,324,324.00,
pcx,1,1,"138,483","138,483.00",
pdf@synoresource,1,1,82,82.00,
pdf븠ᖾᕫ᷹ꫜ,1,1,"131,420","131,420.00",
pem,1,1,"1,817","1,817.00",
pics,1,1,"4,367,770","4,367,770.00",
pkpass,1,1,"14,945","14,945.00",
ppc,1,1,"40,003","40,003.00",
ppsx,1,1,"2,756,222","2,756,222.00",
ppt 1,1,1,"11,309,568","11,309,568.00",
ppx,1,1,"838,705","838,705.00",
pro,1,1,"861,127","861,127.00",
prx,1,1,"330,688","330,688.00",
ps,1,1,"927,979","927,979.00",
pt3,1,1,"2,268","2,268.00",
ptn,1,1,"705,946","705,946.00",
py,1,1,"2,601","2,601.00",
pyd,1,1,"221,184","221,184.00",
qbk,1,1,"12,276","12,276.00",
r0,1,1,"10,620","10,620.00",
r05,1,1,"452,219","452,219.00",
r06,1,1,"18,564","18,564.00",
r08,1,1,"507,789","507,789.00",
rb,1,1,131,131.00,
realm,1,1,"12,288","12,288.00",
ref,1,1,57,57.00,
retx,1,1,"2,441,216","2,441,216.00",
rgs,1,1,"38,719","38,719.00",
rlg,1,1,"4,168,397","4,168,397.00",
rproj,1,1,205,205.00,
rsf,1,1,"822,264","822,264.00",
rsq,1,1,"23,705","23,705.00",
rv,1,1,0,0.00,
rw5,1,1,"14,843","14,843.00",
s,1,1,"1,900","1,900.00",
sas,1,1,"97,401","97,401.00",
searchconnector-ms,1,1,929,929.00,
sfp,1,1,117,117.00,
sh,1,1,"3,577","3,577.00",
shc,1,1,308,308.00,
sheet),1,1,"69,007","69,007.00",
sim,1,1,299,299.00,
skr,1,1,"4,122","4,122.00",
snowleopard,1,1,0,0.00,
so,1,1,"161,760","161,760.00",
spp,1,1,"38,936","38,936.00",
sps,1,1,"54,066","54,066.00",
srg,1,1,0,0.00,
srs,1,1,"10,752","10,752.00",
ssd,1,1,158,158.00,
sss,1,1,"23,146","23,146.00",
stc,1,1,"10,074","10,074.00",
svd,1,1,"586,626","586,626.00",
svl,1,1,"326,467","326,467.00",
swfold,1,1,"374,097","374,097.00",
sy7,1,1,"1,197,299","1,197,299.00",
ta1,1,1,0,0.00,
ta5,1,1,0,0.00,
ta6,1,1,0,0.00,
ta8,1,1,0,0.00,
tab,1,1,"6,802","6,802.00",
taf,1,1,"909,824","909,824.00",
tar,1,1,"6,086,197,248","6,086,197,248.00",
tbl,1,1,300,300.00,
tbp,1,1,"1,263","1,263.00",
tdd,1,1,"164,856","164,856.00",
tex~,1,1,555,555.00,
tile,1,1,"112,787","112,787.00",
tlx,1,1,38,38.00,
toc,1,1,"2,529","2,529.00",
trec,1,1,"58,082,342","58,082,342.00",
tst,1,1,0,0.00,
typ,1,1,"2,093","2,093.00",
umar mahmoud call,1,1,"1,972,269","1,972,269.00",
vmsd,1,1,0,0.00,
vro,1,1,"2,734,028,800","2,734,028,800.00",
vrpmap,1,1,8,8.00,
vsl,1,1,"2,528,768","2,528,768.00",
wbcat,1,1,"14,604,940","14,604,940.00",
website,1,1,420,420.00,
wk1,1,1,"13,689","13,689.00",
wl,1,1,"1,368","1,368.00",
wpl,1,1,411,411.00,
xfdl,1,1,"43,785","43,785.00",
xlg,1,1,745,745.00,
xlx,1,1,"13,767","13,767.00",
xme,1,1,"61,960,038","61,960,038.00",
xmind,1,1,"51,697","51,697.00",
xp,1,1,"7,947","7,947.00",
xpg,1,1,"4,106","4,106.00",
xs,1,1,"3,869","3,869.00",
xslt,1,1,"5,993","5,993.00",
xxx,1,1,"4,179","4,179.00",
xyz,1,1,"94,089","94,089.00",
y00,1,1,"1,428","1,428.00",
y03,1,1,"143,808","143,808.00",
y05,1,1,"287,596","287,596.00",
y07,1,1,"265,376","265,376.00",
y08,1,1,"56,544","56,544.00",
y09,1,1,"128,544","128,544.00",
y0a,1,1,"133,536","133,536.00",
z06,1,1,"1,073,741,824","1,073,741,824.00",
z07,1,1,"1,073,741,824","1,073,741,824.00",
z08,1,1,"1,073,741,824","1,073,741,824.00",
z09,1,1,"1,073,741,824","1,073,741,824.00",
zip auxiliary fuel tank storage rm,1,1,"2,653,573","2,653,573.00",
,"1,038,680","37,301","20,958,189,566,080","20,177,715.53",